question,grading_notes,retriever,response,score
"What is the area of Auckland Island, and what UNESCO status does it have?",A correct answer must state that Auckland Island has a land area of about 442.5 km² (170.9 sq mi) and that it is inscribed on the UNESCO World Heritage list together with the other New Zealand Subantarctic Islands.,hybrid,Auckland Island has an area of **442.5 km² (170.9 sq mi)**. It “**is inscribed in the UNESCO World Heritage list together with the other New Zealand Subantarctic Islands in the region**.”,pass
"What day is Christmas usually observed, and what historical event is it commemorating?",A correct answer must state that Christmas is observed primarily on December 25 and that it commemorates the birth of Jesus Christ.,hybrid,"Christmas is “usually observed on December 25,” and it is a “religious and cultural celebration” whose significance is the “commemoration of the nativity of Jesus” — that is, the birth of Jesus Christ.",pass
"What has Ypsilanti, Michigan been known as the home of since it was founded in 1849?","Correct answers must identify Eastern Michigan University, and may mention that it was formerly called Michigan State Normal College or that it was Michigan’s first normal school (teachers’ college).",hybrid,Ypsilanti has been known as the home of **Eastern Michigan University** since its founding in 1849: it is “known for being the home of Eastern Michigan University … since the university’s founding as Michigan’s first normal school (teachers’ college) in 1849.”,pass
Which manga series created by Akira Toriyama first made him widely known and earned him the 1981 Shogakukan Manga Award for best shōnen series?,Correct answer must name Dr. Slump and indicate that it was the series that first brought Toriyama mainstream recognition and won the 1981 Shogakukan Manga Award for best shōnen series.,hybrid,"Akira Toriyama first achieved mainstream recognition with **Dr. Slump**. The excerpt says, “**He first achieved mainstream recognition for creating the manga series Dr. Slump**,” and that “**In 1981, Dr. Slump earned Toriyama the Shogakukan Manga Award for best shōnen or shōjo manga series of the year.**”",pass
"Which NFL team picked Lee Vaughn, and what round was he chosen in?",A correct answer must name the Dallas Cowboys and state that he was selected in the sixth round of the 1997 NFL draft (187th overall is optional but acceptable).,hybrid,Lee Vaughn was picked by the **Dallas Cowboys** in the **sixth round**. The excerpt says he was “selected by the Dallas Cowboys in the sixth round (187th overall) of the 1997 NFL draft.”,pass
"Which American actor, filmmaker, and musician was born on May 31, 1930, gained fame through Rawhide and the Dollars Trilogy, and later became mayor of Carmel-by-the-Sea, California?","Correct answer must identify Clint Eastwood (Clinton Eastwood Jr.). It should mention his birth date or at least that he was born in 1930, and include at least one of the fame/role clues (Rawhide, the Man with No Name, or mayor of Carmel-by-the-Sea).",hybrid,"Clint Eastwood. The excerpt says: “Clinton Eastwood Jr. (born May 31, 1930) is an American actor, filmmaker and musician,” and that he “rose to international fame” through “Rawhide” and “Sergio Leone’s Dollars Trilogy,” and was “elected in 1986” and “served for two years as the mayor of Carmel-by-the-Sea, California.”",pass
Which two universities in England are described as the oldest in the English-speaking world?,A correct answer must name both universities: the University of Oxford and the University of Cambridge.,hybrid,"The two universities are **the University of Oxford** and **the University of Cambridge**.

The England excerpt says: “**England is home to the two oldest universities in the English-speaking world: the University of Oxford … and the University of Cambridge**.”",pass
"How large is Auckland Island, and what UNESCO designation is it recognized under?",A correct answer must state that Auckland Island has a land area of about 442.5 km² (170.9 sq mi) and that it is inscribed on the UNESCO World Heritage list together with the other New Zealand Subantarctic Islands.,hybrid,"Auckland Island has a land area of about **442.5 km² (170.9 sq mi)**, and it “**is inscribed in the UNESCO World Heritage list** together with the other New Zealand Subantarctic Islands in the region.”",pass
Which company originally created and sold the Frappuccino before Starbucks acquired the Coffee Connection?,"Correct answer must identify George Howell’s Eastern Massachusetts coffee shop chain, the Coffee Connection, as the original developer and seller of the Frappuccino. Mentioning Andrew Frank as the marketing director who created and named it is acceptable but not required.",hybrid,"The Frappuccino was “originally developed, trademarked, and sold by **George Howell’s Eastern Massachusetts coffee shop chain the Coffee Connection**.”",pass
"What is Ypsilanti, Michigan famous for being home to since its establishment in 1849?","Correct answers must identify Eastern Michigan University, and may mention that it was formerly called Michigan State Normal College or that it was Michigan’s first normal school (teachers’ college).",hybrid,"Ypsilanti is famous for being home to **Eastern Michigan University**. The excerpt says it is ""known for being the home of **Eastern Michigan University** ... since the university's founding as Michigan's first normal school (teachers' college) in **1849**.""",pass
What Akira Toriyama manga brought him mainstream fame and won the 1981 Shogakukan Manga Award for best shōnen series?,Correct answer must name Dr. Slump and indicate that it was the series that first brought Toriyama mainstream recognition and won the 1981 Shogakukan Manga Award for best shōnen series.,hybrid,"Akira Toriyama’s manga **_Dr. Slump_** brought him mainstream recognition and won him the 1981 Shogakukan Manga Award. The excerpt says it “**first achieved mainstream recognition for creating the manga series _Dr. Slump_**” and that “**In 1981, _Dr. Slump_ earned Toriyama the Shogakukan Manga Award for best shōnen or shōjo manga series of the year.**”",pass
"In what years was the Ministry of Digital Affairs in Poland created, abolished, and created again?","Correct answer must mention all three dates/events: founded in December 2015, dissolved in October 2020, and founded again in May 2023.",hybrid,"The excerpt says the Ministry of Digital Affairs was ""founded in December 2015, dissolved in October 2020 and founded again in May 2023."" So the years are **2015**, **2020**, and **2023**.",pass
"Who was the American actor, filmmaker, and musician born on May 31, 1930, who became famous in Rawhide and the Dollars Trilogy and later served as mayor of Carmel-by-the-Sea, California?","Correct answer must identify Clint Eastwood (Clinton Eastwood Jr.). It should mention his birth date or at least that he was born in 1930, and include at least one of the fame/role clues (Rawhide, the Man with No Name, or mayor of Carmel-by-the-Sea).",hybrid,"It was **Clint Eastwood**. The excerpt says: “**Clinton Eastwood Jr. (born May 31, 1930)** is an American actor, filmmaker and musician,” and that he “rose to international fame” in “**Rawhide**” and the “**Dollars Trilogy**,” and “**served for two years as the mayor of Carmel-by-the-Sea, California**.”",pass
"When was Poland’s Ministry of Digital Affairs first established, later dissolved, and then re-established?","Correct answer must mention all three dates/events: founded in December 2015, dissolved in October 2020, and founded again in May 2023.",hybrid,"Poland’s Ministry of Digital Affairs was first established on **7 December 2015**, later **dissolved on 7 October 2020**, and then **re-established on 1 May 2023**. The excerpt says it was “**founded in December 2015, dissolved in October 2020 and founded again in May 2023**.”",pass
"Who took over leadership of Forza Italia after Silvio Berlusconi died in 2023, and what position did he hold in the party before that?",A correct answer must name Antonio Tajani and state that he had previously been vice president and coordinator (and now functions as secretary).,hybrid,"After Silvio Berlusconi died in 2023, **Antonio Tajani** took over leadership of Forza Italia. The excerpt says the party “**has since been led by Antonio Tajani**,” and that he “**had been vice president and coordinator and now functions as secretary**.”",pass
"What injury forced Ben Darwin to retire from rugby, and during which match did it occur?","Correct answer must mention that he sustained a neck injury, and that it occurred during the Wallabies' Rugby World Cup semi-final win against the All Blacks.",hybrid,"Ben Darwin “sustained a **neck injury** that forced him to retire from rugby,” and it happened “during the Wallabies' **World Cup semi-final win against the All Blacks**.”",pass
Who is credited with writing the book for the stage version of The Sound of Music?,Correct answer must name Howard Lindsay and Russel Crouse as the book writers. Minor wording differences are fine if both names are included.,hybrid,"The book for the stage version of *The Sound of Music* is credited to **Howard Lindsay and Russel Crouse**: the excerpt says, “**Book Howard Lindsay Russel Crouse**.”",pass
"Which U.S. constitutional amendment established Prohibition nationwide, and which later amendment repealed it?",A correct answer must name the Eighteenth Amendment as the amendment that introduced nationwide Prohibition and the Twenty-first Amendment as the amendment that repealed it.,hybrid,"Prohibition was established nationwide by **the Eighteenth Amendment**. The excerpt says it was “**formally introduced nationwide under the Eighteenth Amendment to the United States Constitution**.”

It was later repealed by **the Twenty-first Amendment**. The excerpt says, “**Prohibition ended with the ratification of the Twenty-first Amendment, which repealed the Eighteenth Amendment on December 5, 1933.**”",pass
Which NFL teams did Ricardo McDonald play for in his career?,"Correct answer must name all three teams mentioned in the lead: the Cincinnati Bengals, Chicago Bears, and Denver Broncos.",hybrid,"Ricardo McDonald played for the **Cincinnati Bengals**, **Chicago Bears**, and **Denver Broncos**. The article says he was “a former linebacker in the National Football League (NFL) that played for the Cincinnati Bengals, Chicago Bears, and the Denver Broncos.”",pass
"After Silvio Berlusconi’s death in 2023, who became the leader of Forza Italia, and what had his role in the party been previously?",A correct answer must name Antonio Tajani and state that he had previously been vice president and coordinator (and now functions as secretary).,hybrid,"After Silvio Berlusconi’s death in 2023, **Antonio Tajani** became the leader of Forza Italia. The article says the party “**has since been led by Antonio Tajani**,” and that he “**had been vice president and coordinator and now functions as secretary**.”",pass
"What is the U.S. Air Force, and when did it become an independent branch of the U.S. Armed Forces?",Correct answer must identify the USAF as the air service branch of the United States Armed Forces (part of the Department of Defense) and state that it was established in 1947 by transfer of personnel from the Army Air Forces under the National Security Act of 1947.,hybrid,"The U.S. Air Force is “the air service branch of the United States Armed Forces.” It was “established by transfer of personnel from the Army Air Forces with the enactment of the National Security Act of 1947,” and it became an independent service branch on “18 September 1947,” when the first secretary of the Air Force was sworn in.",pass
"What year was Emmanuel Macron elected President of France, and which candidate did he defeat in the runoff?",Correct answer must mention that he was elected in 2017 and that he defeated Marine Le Pen in the second round.,hybrid,"Emmanuel Macron was elected President of France in **2017**. In the runoff, he defeated **Marine Le Pen** — the excerpt says he was elected “on **7 May 2017**” with “**66.1% of the vote to Marine Le Pen's 33.9%**.”",pass
"What amendment to the U.S. Constitution made Prohibition nationwide, and what later amendment ended it?",A correct answer must name the Eighteenth Amendment as the amendment that introduced nationwide Prohibition and the Twenty-first Amendment as the amendment that repealed it.,hybrid,"Prohibition was made nationwide by the **Eighteenth Amendment** to the U.S. Constitution: it was “**formally introduced nationwide under the Eighteenth Amendment**.”

It was later ended by the **Twenty-first Amendment**, which “**repealed the Eighteenth Amendment on December 5, 1933**.”",pass
"Which injury ended Ben Darwin’s rugby career, and in what match did it happen?","Correct answer must mention that he sustained a neck injury, and that it occurred during the Wallabies' Rugby World Cup semi-final win against the All Blacks.",hybrid,Ben Darwin’s rugby career ended because he “**sustained a neck injury that forced him to retire from rugby**.” It happened “**during the Wallabies' World Cup semi-final win against the All Blacks**” in the **2003 Rugby World Cup**.,pass
What NFL teams did Ricardo McDonald play on during his playing career?,"Correct answer must name all three teams mentioned in the lead: the Cincinnati Bengals, Chicago Bears, and Denver Broncos.",hybrid,"Ricardo McDonald played for the **Cincinnati Bengals**, **Chicago Bears**, and **Denver Broncos**. The excerpt says he “played for the Cincinnati Bengals, Chicago Bears, and the Denver Broncos.”",pass
Which native Egyptian pharaoh was the last one mentioned in the lead text?,A correct answer must identify Nectanebo II. It is acceptable to mention that he was the last native pharaoh and/or that he belonged to the short-lived 30th Dynasty.,hybrid,"The last native Egyptian pharaoh mentioned in the lead text is **Nectanebo II**.

The excerpt says: **""The last native king Nectanebo II c. 360–342 BC""** and also that **""The last native pharaoh was Nectanebo II of the short-lived 30th Dynasty.""**",pass
"Who was the architect of Target House in London, and when was it designed and finished?","A correct answer must name Rodney Gordon of Tripos Architects as the designer, and include that the building was designed in 1979 and completed in 1984.",hybrid,"According to the Target House, London excerpt, the architect was **Rodney Gordon** of Tripos Architects. It says, “**The building was designed in 1979 and completed in 1984.**”",pass
Can you explain what the United States Air Force is and when it was established as a separate branch of the armed forces?,Correct answer must identify the USAF as the air service branch of the United States Armed Forces (part of the Department of Defense) and state that it was established in 1947 by transfer of personnel from the Army Air Forces under the National Security Act of 1947.,hybrid,"The United States Air Force (USAF) is “**the air service branch of the United States Armed Forces**.” It is “**a part of the United States Department of Defense (DoD)**” and is one of the U.S. uniformed services.

It was established as a separate branch on **18 September 1947**. The excerpt says it “**was established by transfer of personnel from the Army Air Forces with the enactment of the National Security Act of 1947**” and that it “**began operating as a separate service... on Sept. 18, 1947**.”",pass
"According to the article, who was the first First Lady of the United States, and how many First Ladies have there been in total?",A correct answer must name Martha Washington as the first first lady and state that there have been 54 total first ladies.,hybrid,"The excerpts identify **Martha Washington** as the first First Lady of the United States — the list says: “**Martha Washington** …” under “First ladies of the United States.”

As for the total number of First Ladies, the provided excerpts **do not state an explicit total**. They only show a list of names.",fail
"Who directed Bad Boys II, and what year was it released?",A correct answer must identify Michael Bay as the director and 2003 as the release year.,hybrid,Bad Boys II was directed by **Michael Bay** and was released in **2003**. The article says: “**Bad Boys II is a 2003 American action comedy film directed by Michael Bay**.”,pass
Which Chubby Checker song went back to number one on the Billboard Hot 100 in 1962 after first reaching the top in 1960?,"Correct answer must identify ""The Twist"" and indicate that it returned to the number-one spot in 1962 after previously reaching number one in 1960.",hybrid,"Chubby Checker’s song **""The Twist""** went back to number one in 1962 after first reaching the top in 1960. The excerpt says: **“A week later, Chubby Checker took the top spot with ‘The Twist.’ The single had topped the Hot 100 in September 1960”** and that it **“returned to the top spot as part of a second distinct chart run.”**",pass
"Who designed Target House in London, and what were its design and completion dates?","A correct answer must name Rodney Gordon of Tripos Architects as the designer, and include that the building was designed in 1979 and completed in 1984.",hybrid,Target House in London was designed by “British modernist architect Rodney Gordon (1933–2008) of Tripos Architects.” The excerpt says it “was designed in 1979 and completed in 1984.”,pass
What company first developed and marketed the Frappuccino before Starbucks bought Coffee Connection?,"Correct answer must identify George Howell’s Eastern Massachusetts coffee shop chain, the Coffee Connection, as the original developer and seller of the Frappuccino. Mentioning Andrew Frank as the marketing director who created and named it is acceptable but not required.",hybrid,"The Frappuccino was first developed, trademarked, and sold by **George Howell's Eastern Massachusetts coffee shop chain, the Coffee Connection**. The excerpt says: “**The Frappuccino was originally developed, trademarked, and sold by George Howell's Eastern Massachusetts coffee shop chain the Coffee Connection**.”",pass
"According to the article, what power does Article IV, Section 3, Clause 1 of the Constitution give Congress?",A correct answer must state that Congress has the authority to admit new states into the Union.,hybrid,"The provided excerpts do not mention **Article IV, Section 3, Clause 1** of the Constitution or describe any power it gives Congress. I can’t answer from these documents alone.",fail
"Who is identified as the first First Lady of the United States in the article, and what is the total number of First Ladies?",A correct answer must name Martha Washington as the first first lady and state that there have been 54 total first ladies.,hybrid,The articles identify **Martha Washington** as “**The first first lady**” and say there have been a **“total of 54 first ladies.”**,pass
What Chubby Checker song returned to the Billboard Hot 100’s number one spot in 1962 after originally hitting number one in 1960?,"Correct answer must identify ""The Twist"" and indicate that it returned to the number-one spot in 1962 after previously reaching number one in 1960.",hybrid,"Chubby Checker’s song **“The Twist”** returned to the Billboard Hot 100’s number one spot in 1962 after originally hitting number one in 1960. The excerpt says, **“Chubby Checker's 1960 cover version of the song reached number one on the Billboard Hot 100 on September 19, 1960”** and later **“topped the Hot 100 again for two weeks starting on January 13, 1962.”**",pass
"What does “The O.C.” mean, and where in Southern California is the show set?","Correct answer must state that ""O.C."" is an initialism for Orange County and identify Newport Beach / Orange County, California as the Southern California setting.",hybrid,"“The O.C.” is “an initialism of Orange County,” which is “the location in Southern California in which the series is set.”",pass
"Who won Eurovision 2023, and what song did they perform?","A correct answer must name Sweden as the winner and identify the song as ""Tattoo""; mentioning Loreen as the performer is also correct but not strictly required.",hybrid,"Sweden won Eurovision 2023. The winning song was **""Tattoo""**, performed by **Loreen**: “**The winner was Sweden with the song ""Tattoo"", performed by Loreen**.”",pass
"What authority is granted to Congress by Article IV, Section 3, Clause 1 of the Constitution, according to the article?",A correct answer must state that Congress has the authority to admit new states into the Union.,hybrid,"According to the article, Article IV, Section 3, Clause 1 “grants to Congress the authority to admit new states into the Union.”",pass
"What subject is David Lloyd Jones especially known for writing about, according to the lead text?",A correct answer must mention Australian orchids (or orchids in Australia / Australian orchid species) as the main area he is especially known for.,hybrid,"According to the lead text, David Lloyd Jones is especially known for writing about **Australian orchids**: he is described as “the author of many books and papers, especially on Australian orchids.”",pass
"What was the damage amount from the 2011 Joplin tornado, and what makes it notable historically because of how expensive it was?","A correct answer must mention that the damage totaled $2.8 billion, with an approximate modern equivalent of about $4 billion, and that this made it the costliest single tornado in U.S. history.",hybrid,The 2011 Joplin tornado caused **$2.8 billion in damage** (in 2011 USD). The article says this made it **“the costliest tornado in U.S. history”** and also **“the costliest single tornado in U.S. history.”**,pass
When was Bill Tierney hired as head coach by the Philadelphia Waterdogs?,A correct answer must state that Bill Tierney was hired in March 2024; mentioning that he became head coach is acceptable.,hybrid,"Bill Tierney was hired as head coach by the Philadelphia Waterdogs in **March 2024**. The excerpt says, “**In March 2024 the Waterdogs hired Bill Tierney as Head Coach**” and also lists him as “**Head coach – Bill Tierney**.”",pass
"Who was the winner of the Eurovision Song Contest in 2023, and which song did they win with?","A correct answer must name Sweden as the winner and identify the song as ""Tattoo""; mentioning Loreen as the performer is also correct but not strictly required.",hybrid,"The winner of the Eurovision Song Contest 2023 was **Sweden**, with the song **""Tattoo""**. The excerpt says: “**The winner was Sweden with the song ""Tattoo""**,” performed by Loreen.",pass
"What are the current start and end points of Wisconsin Highway 34, and which cities does it connect as a shortcut in central Wisconsin?","A correct answer must state that WIS 34 runs from Wisconsin Rapids at its southern end to Knowlton at I-39 on its northern end, and that it connects Wausau and Wisconsin Rapids as a shortcut route in central Wisconsin.",hybrid,Wisconsin Highway 34 currently starts at **“WIS 13 / WIS 73 in Wisconsin Rapids”** on the south end and ends at **“I-39 / US 51 in Knowlton”** on the north end. The article says it **“runs north–south as a shortcut route in central Wisconsin connecting Wausau and Wisconsin Rapids.”**,pass
"What is the elevation at the summit of Denali, the highest peak in North America?","Correct answer must state Denali’s summit elevation as 20,310 feet (6,190 m) above sea level.",hybrid,"Denali’s summit elevation is **20,310 feet (6,190 m)** above sea level. The excerpt says it is “**the highest mountain peak in North America, with a summit elevation of 20,310 feet (6,190 m) above sea level**.”",pass
"According to the lead text, what field is David Lloyd Jones especially known for writing about?",A correct answer must mention Australian orchids (or orchids in Australia / Australian orchid species) as the main area he is especially known for.,hybrid,"According to the lead text, David Lloyd Jones is especially known for writing about **Australian orchids**: he is “**the author of many books and papers, especially on Australian orchids**.”",pass
"What does the title “The O.C.” stand for, and what Southern California location serves as the setting for the series?","Correct answer must state that ""O.C."" is an initialism for Orange County and identify Newport Beach / Orange County, California as the Southern California setting.",hybrid,"“The O.C.” is “an initialism of **Orange County**,” and the series is set in **Newport Beach, California**, in Southern California. The excerpt says: “The series title, ‘O.C.,’ is an initialism of Orange County, the location in Southern California in which the series is set,” and the story centers on characters living in “the high-class world of Newport Beach.”",pass
"Who are the current MLS Cup champions, according to the article lead?",A correct answer must identify Inter Miami CF as the reigning MLS Cup holders. Mentioning that they won the 2025 final by defeating Vancouver Whitecaps FC is acceptable but not required.,hybrid,"According to the article lead, the current MLS Cup champions are **Inter Miami CF**: “**Inter Miami CF are the reigning cup-holders, having defeated Vancouver Whitecaps FC in the 2025 final for their first title.**”",pass
"How high is Denali at its summit, since it is the tallest mountain in North America?","Correct answer must state Denali’s summit elevation as 20,310 feet (6,190 m) above sea level.",hybrid,"Denali’s summit elevation is **20,310 feet (6,190 m)** above sea level: it is described as “the highest mountain peak in North America, with a summit elevation of **20,310 feet (6,190 m)** above sea level.”",pass
What asteroid did the International Astronomical Union name after Stamatios Krimigis in 1999?,Correct answer must identify asteroid 8323 Krimigis (formerly 1979 UH).,hybrid,"The International Astronomical Union named the asteroid **8323 Krimigis** after Stamatios Krimigis in 1999: “**In 1999, the International Astronomical Union named the asteroid 8323 Krimigis … in his honor.**”",pass
"What state was Jimmy Carter from, where he was born and was relatively unknown outside of it during his 1976 presidential campaign?","Correct answer must identify Georgia as Carter's home state. It should indicate that he was born in Plains, Georgia or simply in Georgia.",hybrid,"Jimmy Carter was from **Georgia**. The excerpt says he was born in **“Plains, Georgia”** and that in the 1976 campaign he was “**a dark horse little known outside his home state**.”",pass
"According to the lead text, what is Oprah Winfrey best known for, and how many years did her talk show air in national syndication?","A correct answer must identify that she is best known for The Oprah Winfrey Show and state that it ran for 25 years, from 1986 to 2011, in national syndication.",hybrid,"According to the lead text, Oprah Winfrey is “best known for her talk show, *The Oprah Winfrey Show*,” which “ran in national syndication for **25 years**, from 1986 to 2011.”",pass
"According to the article lead, who is holding the MLS Cup right now?",A correct answer must identify Inter Miami CF as the reigning MLS Cup holders. Mentioning that they won the 2025 final by defeating Vancouver Whitecaps FC is acceptable but not required.,hybrid,"According to the lead of **List of MLS Cup finals**, **Inter Miami CF are the reigning cup-holders**, since they “**defeated Vancouver Whitecaps FC in the 2025 final for their first title**.”",pass
Why were Muhammad Ali’s boxing titles taken away in 1967?,"A correct answer must mention that he refused to be drafted into the military because of his religious beliefs and ethical opposition to the Vietnam War, which led to a draft evasion conviction and the stripping of his titles.",hybrid,"Muhammad Ali’s titles were taken away because he refused to be drafted into the military. The excerpt says that in 1967 he “refused to be drafted into the military, owing to his religious beliefs and ethical opposition to the Vietnam War,” and that he “was found guilty of draft evasion and stripped of his boxing titles.”

",pass
What was the asteroid called that the International Astronomical Union named in Stamatios Krimigis’s honor in 1999?,Correct answer must identify asteroid 8323 Krimigis (formerly 1979 UH).,hybrid,"The asteroid was **8323 Krimigis** — the excerpt says: “In 1999, the International Astronomical Union named the asteroid **8323 Krimigis** (previously 1979 UH) in his honor.”",pass
Who are the four riders named in the lead text as having each won the Tour de France five times?,"A correct answer must name all four riders: Jacques Anquetil, Eddy Merckx, Bernard Hinault, and Miguel Induráin. Minor spelling/diacritic variations are acceptable.",hybrid,"The four riders are **Jacques Anquetil, Eddy Merckx, Bernard Hinault, and Miguel Induráin**.

The lead text says: **“Jacques Anquetil, Eddy Merckx, Bernard Hinault, and Miguel Induráin have won the most Tours with five each.”**",pass
Which city is both the capital and largest in Mali?,Correct answer must name Bamako as both the capital and the largest city of Mali.,hybrid,"The capital and largest city of Mali is **Bamako** — the excerpt says, **“Capital and largest city Bamako.”**",pass
"What did Mark Ruiz become after his former team, Team Orlando Diving, joined the YMCA of Central Florida and became YCF Diving in 2010?",Correct answer must say that Mark Ruiz was named head coach of YCF Diving (or the renamed Team Orlando Diving) and that he continued in that position.,hybrid,"After Team Orlando Diving became YCF Diving in 2010, “Mark Ruiz was named head coach and continues in this position today.”",pass
Why was Novak Djokovic’s win at the 2016 French Open significant in relation to his career Grand Slam and the major championships he had at the same time?,"A correct answer must mention that Djokovic completed a career Grand Slam by winning all four major tournaments, and that he also achieved a non-calendar-year Grand Slam by holding all four major titles at once. It is acceptable to state that he was the first man since Rod Laver in 1969 to do so.",hybrid,"Novak Djokovic’s 2016 French Open win was significant because it completed his **career Grand Slam** and also gave him a **non-calendar year Grand Slam**.

The excerpt says: **“Novak Djokovic's victory at this tournament in his 20th Grand Slam final completed his career Grand Slam of all four major tournaments”** and also that he **“achieved a non-calendar year Grand Slam, becoming the first man since Rod Laver in 1969 to hold all four major titles at once.”**

So, in relation to the majors, he had **all four major championships simultaneously**.",pass
What led to Muhammad Ali being stripped of his boxing championships in 1967?,"A correct answer must mention that he refused to be drafted into the military because of his religious beliefs and ethical opposition to the Vietnam War, which led to a draft evasion conviction and the stripping of his titles.",hybrid,"Muhammad Ali was stripped of his boxing championships because he **refused to be drafted into the military** in 1967. The excerpt says that he “**refused to be drafted into the military, owing to his religious beliefs and ethical opposition to the Vietnam War**,” and later, “**After Ali's title defense against Zora Folley on March 22, he was stripped of his title due to his refusal to be drafted to army service.**”

",pass
"Which city was the host of the 2020 Summer Olympics, which were delayed until 2021 because of the COVID-19 pandemic?","Correct answer must name Tokyo. It should indicate that Tokyo hosted the 2020 Summer Olympics, and may mention the postponement to 2021 due to COVID-19.",hybrid,"Tokyo was the host city. The excerpt says the Games were held in “**Tokyo, Japan**” and that they “**were postponed until 2021**” because of the COVID-19 pandemic.",pass
"When did Seapoint railway station first open, and what was it originally called?",Correct answer must mention that the station opened on 1 July 1862 and that it was originally called Monkstown & Seapoint (or Monkstown and Seapoint).,hybrid,"Seapoint railway station first opened on **1 July 1862**, and it was originally called **“Monkstown & Seapoint.”** The excerpt says it “**opened on 1 July 1862 (as Monkstown and Seapoint)**” and was “**originally called Monkstown & Seapoint**.”",pass
When did the Philadelphia Waterdogs bring on Bill Tierney as their head coach?,A correct answer must state that Bill Tierney was hired in March 2024; mentioning that he became head coach is acceptable.,hybrid,"The excerpt says, “In March 2024 the Waterdogs hired Bill Tierney as Head Coach.”",pass
"What position did Mark Ruiz take after his former team, Team Orlando Diving, affiliated with the YMCA of Central Florida and was renamed YCF Diving in 2010?",Correct answer must say that Mark Ruiz was named head coach of YCF Diving (or the renamed Team Orlando Diving) and that he continued in that position.,hybrid,"Mark Ruiz was named **head coach**. The excerpt says: “In 2010 Mark's former team, Team Orlando Diving (TOD) affiliated with the YMCA of Central Florida and became YCF Diving. **Mark Ruiz was named head coach and continues in this position today.**”",pass
"Which two well-known people were born or raised in Latrobe, Pennsylvania, according to the article?",A correct answer must identify Fred Rogers and Arnold Palmer as the people born or raised in Latrobe. Both names should be included.,hybrid,"According to the Latrobe, Pennsylvania article, two well-known people born or raised there were **Fred Rogers** and **Arnold Palmer**. The excerpt says Latrobe “was the birthplace and childhood home of children's television personality **Fred Rogers** and former professional golfer **Arnold Palmer**.”",pass
"Which city held the 2020 Summer Olympics, postponed to 2021 due to the COVID-19 pandemic?","Correct answer must name Tokyo. It should indicate that Tokyo hosted the 2020 Summer Olympics, and may mention the postponement to 2021 due to COVID-19.",hybrid,"Tokyo, Japan — the 2020 Summer Olympics were “held from July 23 to August 8, 2021, in Tokyo, Japan” after being “postponed until 2021 ... as a result of the global COVID-19 pandemic.”",pass
"What is the Treaty Between the United States of America and the Russian Federation on Strategic Offensive Reductions, also known as the Treaty of Moscow, and when did it enter into force?","A correct answer must identify it as a strategic arms reduction / nuclear disarmament treaty between the United States and Russia, and state that it came into force on 1 June 2003.",hybrid,"The Treaty Between the United States of America and the Russian Federation on Strategic Offensive Reductions, or the Treaty of Moscow, was ""a strategic arms reduction treaty between the United States and Russia"" that limited their nuclear arsenals to ""between 1,700 and 2,200 operationally deployed warheads each.""

It ""came into force on 1 June 2003"" after ratification by the U.S. Senate and the State Duma.",pass
What city is the capital and biggest city of Mali?,Correct answer must name Bamako as both the capital and the largest city of Mali.,hybrid,Mali’s “capital and largest city is Bamako.”,pass
"When did the original Salthill station first open, and when was it reopened for DART services?",A correct answer must mention that the original station opened in May 1837 and that it reopened in 1984 with the arrival of DART services.,hybrid,The original Salthill station first opened in **May 1837**: “**The original Salthill station opened in May 1837**.” It “**was electrified and reopened in 1984 with the arrival of DART services**.”,pass
"Can you explain what the Treaty Between the United States of America and the Russian Federation on Strategic Offensive Reductions, or Treaty of Moscow, was and when it took effect?","A correct answer must identify it as a strategic arms reduction / nuclear disarmament treaty between the United States and Russia, and state that it came into force on 1 June 2003.",hybrid,"The Treaty Between the United States of America and the Russian Federation on Strategic Offensive Reductions, also called the Treaty of Moscow or SORT, was ""a strategic arms reduction treaty between the United States and Russia."" It was ""signed in Moscow on 24 May 2002"" and, after ratification by both countries, ""came into force on 1 June 2003.""

The excerpt also says it limited both sides to ""between 1,700 and 2,200 operationally deployed warheads each.""",pass
"Who are the two famous people mentioned in the article as being born or raised in Latrobe, Pennsylvania?",A correct answer must identify Fred Rogers and Arnold Palmer as the people born or raised in Latrobe. Both names should be included.,hybrid,"The article says Latrobe was the birthplace and childhood home of **Fred Rogers** and **Arnold Palmer**.

It states: “Latrobe was the birthplace and childhood home of children's television personality **Fred Rogers** and former professional golfer **Arnold Palmer**.”",pass
"Where do Sheffield United F.C. play their home matches, and what nickname do they have because of Sheffield’s cutlery-making history?","A correct answer must state that Sheffield United have played home games at Bramall Lane since their formation, and that they are nicknamed ""the Blades.""",hybrid,"Sheffield United F.C. play their home matches at **Bramall Lane**: the excerpt says, “**The team have played home games at Bramall Lane since their formation**.”

Their nickname is **“the Blades”**, “**due to Sheffield's history of cutlery production**.”",pass
"Which city is the provincial capital of Baghlan Province, and what importance does it have there?","A correct answer must name Pul-e Khumri and state that it functions as the main administrative, economic, and population center of the province.",hybrid,"The provincial capital of Baghlan Province is **Pul-e Khumri**. The excerpt says it ""functions as the **main administrative, economic, and population center** of the province.""",pass
"What is Oprah Winfrey best known for according to the lead text, and for how long was her talk show broadcast nationally in syndication?","A correct answer must identify that she is best known for The Oprah Winfrey Show and state that it ran for 25 years, from 1986 to 2011, in national syndication.",hybrid,"According to the lead text, Oprah Winfrey “is best known for her talk show, *The Oprah Winfrey Show*,” which “ran in national syndication for **25 years**, from **1986 to 2011**.”",pass
What were the opening date of the original Salthill station and the date it reopened with DART service?,A correct answer must mention that the original station opened in May 1837 and that it reopened in 1984 with the arrival of DART services.,hybrid,"The original Salthill station “opened in **May 1837**,” and it “closed in 1960 and was electrified and **reopened in 1984** with the arrival of DART services.”",pass
"Which major championship did the 1996–97 Detroit Red Wings capture, and when was their prior Stanley Cup win before it?","Correct answer must mention that the team won the Stanley Cup and that it was their first Stanley Cup since the 1954–55 NHL season (or 1955, as stated in the lead).",hybrid,"The 1996–97 Detroit Red Wings captured the **Stanley Cup**. The article says, “**The highlight of the Red Wings season was winning the Stanley Cup, their first since 1955**.”

So their prior Stanley Cup win was in **1954–55**.",pass
"What was the NBC sitcom that made Jerry Seinfeld famous, and who did he create it with?",A correct answer must mention the sitcom Seinfeld and that Jerry Seinfeld co-created it with Larry David.,hybrid,"The NBC sitcom was **_Seinfeld_**, and Jerry Seinfeld created it with **Larry David**.

The excerpt says Seinfeld “gained stardom playing a fictionalized version of himself in the NBC sitcom **Seinfeld** … which he **co-created and wrote with Larry David**.”",pass
When did Clyfford Still transition from representational to abstract painting?,Correct answer must state that the shift occurred between 1938 and 1942.,hybrid,Clyfford Still’s shift from representational to abstract painting occurred **between 1938 and 1942**. The excerpt says: “**His shift from representational to abstract painting occurred between 1938 and 1942**.”,pass
"What is Sheffield United F.C.’s home stadium, and what are they called because Sheffield was known for cutlery production?","A correct answer must state that Sheffield United have played home games at Bramall Lane since their formation, and that they are nicknamed ""the Blades.""",hybrid,"Sheffield United F.C.’s home stadium is **Bramall Lane**. The article says they are nicknamed **""the Blades""** “**due to Sheffield's history of cutlery production**.”",pass
"What year was Warner Records established, and what parent company did it first operate under as a division?","A correct answer must state that Warner Records was founded on March 19, 1958, and that it began as the recorded music division of Warner Bros. Pictures (the American film studio).",hybrid,"Warner Records was established in **1958** — it says the label “**was founded on March 19, 1958**” and “**returned to the record business on March 19, 1958, with the establishment of its own recording division, Warner Bros. Records**.”

It first operated as a division of **Warner Bros. Pictures**: it “**was founded on March 19, 1958, as the recorded music division of the American film studio Warner Bros. Pictures**.”",pass
"According to the lead text, who does Christian tradition say appointed Hermagoras to lead the Christian community in Aquileia and consecrated him as bishop?","A correct answer must mention both Mark and Peter: Mark chose Hermagoras to lead the community, and Peter consecrated him bishop.",hybrid,"According to the lead text, Christian tradition says **Mark** chose Hermagoras “to serve as the leader of the nascent Christian community in Aquileia,” and **Peter** “consecrated [him] bishop.”",pass
"According to the article, what does “colt” mean in horse terminology?",Correct answers must state that a colt is an intact (uncastrated) male horse under four years of age. Mentioning that it is a male horse and that it is not castrated/uncastrated is essential; the age limit under four years should also be included.,hybrid,"In horse terminology, a “colt” is “an intact (uncastrated) male horse under four years of age.”",pass
"Which NBC sitcom made Jerry Seinfeld famous, and who was it co-created with?",A correct answer must mention the sitcom Seinfeld and that Jerry Seinfeld co-created it with Larry David.,hybrid,"Jerry Seinfeld became famous with the NBC sitcom **Seinfeld**, which he **“co-created and wrote with Larry David.”**",pass
Who was the first-time host of the 89th Academy Awards ceremony?,A correct answer must name Jimmy Kimmel and indicate that he hosted the ceremony for the first time.,hybrid,"The first-time host of the 89th Academy Awards ceremony was **Jimmy Kimmel**. The excerpt says, **“Comedian Jimmy Kimmel hosted the ceremony for the first time.”**",pass
"Who, according to the lead text, does Christian tradition say chose Hermagoras to lead the Christian community in Aquileia and made him a bishop?","A correct answer must mention both Mark and Peter: Mark chose Hermagoras to lead the community, and Peter consecrated him bishop.",hybrid,"According to the lead text, Christian tradition says **Mark chose Hermagoras** “to serve as the leader of the nascent Christian community in Aquileia,” and that **Peter** “consecrated [him] bishop.”",pass
"What is a colt called in horse terminology, according to the article?",Correct answers must state that a colt is an intact (uncastrated) male horse under four years of age. Mentioning that it is a male horse and that it is not castrated/uncastrated is essential; the age limit under four years should also be included.,hybrid,"According to the article, a colt is ""an intact (uncastrated) male horse under four years of age.""",pass
"Which four cyclists, as mentioned in the lead text, have each won the Tour de France five times?","A correct answer must name all four riders: Jacques Anquetil, Eddy Merckx, Bernard Hinault, and Miguel Induráin. Minor spelling/diacritic variations are acceptable.",hybrid,"The lead text says: “**Jacques Anquetil, Eddy Merckx, Bernard Hinault, and Miguel Induráin have won the most Tours with five each.**”",pass
"Who took the 2024 Yucatán Open doubles title, and which pair did they beat in the final?","Correct answer must name Thomas Fancutt and Hunter Reese as the champions and state that they defeated Boris and Stefan Kozlov in the final. Mentioning the final score 7–5, 6–3 is acceptable but not required.",hybrid,"Thomas Fancutt and Hunter Reese won the 2024 Yucatán Open doubles title. The article says they “won the title after defeating Boris and Stefan Kozlov 7–5, 6–3 in the final.”",pass
Who hosted the 89th Academy Awards for the first time?,A correct answer must name Jimmy Kimmel and indicate that he hosted the ceremony for the first time.,hybrid,Jimmy Kimmel hosted the 89th Academy Awards for the first time. The excerpt says: “Comedian **Jimmy Kimmel hosted the ceremony for the first time**.”,pass
"Who directed Escape from New York (1981), and who is the actor that portrays Snake Plissken?",Correct answer must name John Carpenter as the director and Kurt Russell as the actor who plays Snake Plissken.,hybrid,"*Escape from New York* (1981) was directed by **John Carpenter**. The actor who portrays Snake Plissken is **Kurt Russell** — the article’s cast lists, “**Kurt Russell as Lieutenant S.D. Bob ‘Snake’ Plissken**.”",pass
"When was Yale University founded, and where is it located?","A correct answer must state that Yale University was founded in 1701 and that it is located in New Haven, Connecticut, United States.",hybrid,"Yale University was founded on **October 9, 1701**: the excerpt says it was ""Established **October 9, 1701**."" It is located in **New Haven, Connecticut, United States** — the article states: ""Location **New Haven, Connecticut, United States**.""",pass
What is the capital city and biggest city of Shizuoka Prefecture?,Correct answer must name Shizuoka as the capital and Hamamatsu as the largest city.,hybrid,"The capital city of Shizuoka Prefecture is **Shizuoka**, and the largest city is **Hamamatsu**. The excerpt says: “**Shizuoka is the capital and Hamamatsu is the largest city in Shizuoka Prefecture**.”",pass
What poker screen name does Russian professional player Alexander Kostritsyn use on PokerStars and Full Tilt Poker?,"Correct answer must identify both aliases mentioned in the lead: ""joiso"" on PokerStars and ""PostflopAction"" on Full Tilt Poker.",hybrid,Alexander Kostritsyn plays under the alias **“joiso” on PokerStars** and **“PostflopAction” on Full Tilt Poker**. The excerpt says: “Kostritsyn plays under the alias joiso on PokerStars and PostflopAction on Full Tilt Poker.”,pass
"Which team won the 2024 Yucatán Open doubles championship, and who were their opponents in the final?","Correct answer must name Thomas Fancutt and Hunter Reese as the champions and state that they defeated Boris and Stefan Kozlov in the final. Mentioning the final score 7–5, 6–3 is acceptable but not required.",hybrid,"The champions were **Thomas Fancutt and Hunter Reese**. The article says they “**won the title after defeating Boris and Stefan Kozlov 7–5, 6–3 in the final**.”",pass
"Which team most recently won the Stanley Cup, and what years did they win it according to the lead text?",A correct answer must identify the Florida Panthers as the most recent Stanley Cup champions and state that they won in 2024 and 2025.,hybrid,"According to the excerpt, the **most recent Stanley Cup champions are the Florida Panthers**, who “**won the trophy in 2024 and 2025**.”",pass
"Who was the director of the 1981 movie Escape from New York, and which actor plays Snake Plissken?",Correct answer must name John Carpenter as the director and Kurt Russell as the actor who plays Snake Plissken.,hybrid,The director was **John Carpenter**. The actor who plays Snake Plissken is **Kurt Russell** — the article says: “**Directed by John Carpenter**” and “**Kurt Russell as Lieutenant S.D. Bob ‘Snake’ Plissken**.”,pass
"What year was Yale University established, and where is it located?","A correct answer must state that Yale University was founded in 1701 and that it is located in New Haven, Connecticut, United States.",hybrid,"Yale University was “**Established October 9, 1701**” and is located in “**New Haven, Connecticut, United States**.”",pass
Which city is the capital and also the largest in Shizuoka Prefecture?,Correct answer must name Shizuoka as the capital and Hamamatsu as the largest city.,hybrid,"Shizuoka City is the capital, and Hamamatsu is the largest city in Shizuoka Prefecture: “**Shizuoka is the capital and Hamamatsu is the largest city in Shizuoka Prefecture**.”",pass
"Who did the Boston Celtics beat in the 1986 NBA Finals, and what was the final series score?",A correct answer must name the Houston Rockets and state that the Celtics won the series four games to two (or 4–2).,hybrid,The Boston Celtics beat the **Houston Rockets** in the 1986 NBA Finals. The final series score was **4–2**: “**The heavily favored Celtics defeated the Rockets four games to two**.”,pass
"Who most recently won the Stanley Cup, and in which years did the lead text say they won it?",A correct answer must identify the Florida Panthers as the most recent Stanley Cup champions and state that they won in 2024 and 2025.,hybrid,"The most recent Stanley Cup champions are the **Florida Panthers**. The list article says: **“The most recent Stanley Cup champions are the Florida Panthers, who won the trophy in 2024 and 2025.”**",pass
"Which state was Jimmy Carter’s home state, the one where he was born and from which he was not well known beyond during his 1976 presidential campaign?","Correct answer must identify Georgia as Carter's home state. It should indicate that he was born in Plains, Georgia or simply in Georgia.",hybrid,"Jimmy Carter’s home state was **Georgia**. The excerpts say he was “**born and raised in Plains, Georgia**” and that during the 1976 campaign “because of her husband’s obscurity at the time, she often had to answer the question, ‘Jimmy who?’” since he was not well known outside his home state.",pass
"Who invented softball, where was it invented, and when was it invented?","A correct answer must name George Hancock, Chicago, and the year 1887.",hybrid,"Softball was invented by **George Hancock**. The article says, **“The game was created in 1887 in Chicago by George Hancock.”**

So the answer is:
- **Who:** George Hancock
- **Where:** Chicago
- **When:** 1887",pass
"What is the FGM-148 Javelin, and which older U.S. anti-tank missile did it replace in service?","A correct answer must identify the FGM-148 Javelin as an American-made man-portable anti-tank missile/system, and state that it replaced the M47 Dragon anti-tank missile in U.S. service.",hybrid,The FGM-148 Javelin is “an American-made man-portable anti-tank system” and a “fire-and-forget missile with lock-on before launch and automatic self-guidance.” It “replaced the M47 Dragon anti-tank missile in US service.”,pass
"What is the Super Bowl, and during which years has it been the final game of the NFL season?",A correct answer must identify the Super Bowl as the annual league championship game of the NFL in the United States and state that it has been the final game of every NFL season since 1966.,hybrid,"The Super Bowl is ""the annual league championship game of the National Football League (NFL) of the United States.""

It ""has served as the final game of every NFL season since 1966,"" with the article also noting that ""Since 2022, the game has been played on the second Sunday in February.""",pass
"Which team did the Celtics defeat in the 1986 NBA Finals, and how did the series end?",A correct answer must name the Houston Rockets and state that the Celtics won the series four games to two (or 4–2).,hybrid,"The Celtics defeated the **Houston Rockets** in the 1986 NBA Finals. The article says the Celtics “**defeated the Rockets four games to two**” and “**Boston wins the series, 4–2**.”",pass
"What was Joseph Warren Stilwell’s nickname, and in which World War II theater did he serve as a U.S. Army general?","Correct answer must identify his nickname as ""Vinegar Joe"" and mention that he served in the China Burma India theater during World War II.",hybrid,"Joseph Warren Stilwell’s nickname was **“Vinegar Joe”** — the excerpt says he was known as **“‘Vinegar Joe’, ‘Uncle Joe’, ‘Stitch’”** and that **“Joseph Warren ‘Vinegar Joe’ Stilwell … served in the China Burma India theater during World War II.”**

So, he served in the **China Burma India theater**.",pass
"What major title did the 1996–97 Detroit Red Wings win, and when had they last won the Stanley Cup before that?","Correct answer must mention that the team won the Stanley Cup and that it was their first Stanley Cup since the 1954–55 NHL season (or 1955, as stated in the lead).",hybrid,"The 1996–97 Detroit Red Wings won **the Stanley Cup**. The excerpt says it was “**their first since 1955**,” and also that they won “**their first Stanley Cup since the 1954–55 NHL season**.”",pass
"Who came up with softball, where did it originate, and what year was it created?","A correct answer must name George Hancock, Chicago, and the year 1887.",hybrid,"Softball was created by **George Hancock**. The article says, **“The game was created in 1887 in Chicago by George Hancock.”**

So:
- **Who:** George Hancock
- **Where:** Chicago, United States
- **When:** 1887",pass
"What is the FGM-148 Javelin, and what previous U.S. anti-tank missile was replaced by it in service?","A correct answer must identify the FGM-148 Javelin as an American-made man-portable anti-tank missile/system, and state that it replaced the M47 Dragon anti-tank missile in U.S. service.",hybrid,"The FGM-148 Javelin is described as an **""American-made man-portable anti-tank system in service since 1996""** and a **""fire-and-forget missile""** with automatic infrared guidance.

It **replaced the M47 Dragon anti-tank missile in US service**.",pass
"What is the opening date of Seapoint railway station, and what was its original name?",Correct answer must mention that the station opened on 1 July 1862 and that it was originally called Monkstown & Seapoint (or Monkstown and Seapoint).,hybrid,Seapoint railway station opened on **1 July 1862**. It was originally called **“Monkstown & Seapoint”** — the excerpt says: “**The station opened on 1 July 1862 and was originally called Monkstown & Seapoint**.”,pass
"How were clubs separated in the 1900–01 Football League season if they finished on equal points, and which factor was favored when teams had the same goal difference?","A correct answer must mention the goal average system (goals scored divided by goals conceded) and note that, when goal difference was the same, it favored teams that had conceded fewer goals.",hybrid,"Clubs finishing level on points were separated by **goal average**: “**clubs finishing level on points were separated according to goal average (goals scored divided by goals conceded)**.”

And “**In case one or more teams had the same goal difference, this system favoured those teams who had conceded fewer goals**.”",pass
"What was Joseph Warren Stilwell called by nickname, and what World War II theater did he serve in as a United States Army general?","Correct answer must identify his nickname as ""Vinegar Joe"" and mention that he served in the China Burma India theater during World War II.",hybrid,"Joseph Warren Stilwell was nicknamed **""Vinegar Joe""** — the excerpt says, **“Joseph Warren ‘Vinegar Joe’ Stilwell”** and also lists his nicknames as **“Vinegar Joe”, “Uncle Joe”, “Stitch”**.

He served in the **China Burma India theater** during World War II: the article says he **“served in the China Burma India theater during World War II”** and was **“commander of the US forces in the theater.”**",pass
"What decisive battle did General Simón Bolívar help the Colombian nationalists win over Spain on August 7, 1819?",The answer must identify the Battle of Boyacá.,hybrid,General Simón Bolívar led Colombian nationalists to victory over Spain in the **Battle of Boyacá**. The 1819 excerpt says: “**August 7 – Battle of Boyacá: Simón Bolívar is victorious over the Royalist Army in Colombia. Colombia acquires its definitive independence from Spanish rule.**”,pass
"What is the capital of Maine, and which city has the largest population there?",Correct answer must name Augusta as the capital and Portland as the most populous city.,hybrid,"Maine’s capital is **Augusta**: the excerpt says, “**Capital Augusta**.”

The city with the largest population in Maine is **Portland**: the excerpt says, “**most populous city is Portland**,” and also lists Portland as the largest municipality by population.",pass
"Who is the latest Associated Press NFL Most Valuable Player Award winner, and which team does he play for?",Correct answer must identify Matthew Stafford and the Los Angeles Rams.,hybrid,"The latest Associated Press NFL Most Valuable Player Award winner is **Matthew Stafford**, and he plays for the **Los Angeles Rams**: the excerpt says, “**The most recent winner is quarterback Matthew Stafford of the Los Angeles Rams**.”",pass
"How much destruction did the 2011 Joplin tornado cause, and why is it historically significant in terms of its cost?","A correct answer must mention that the damage totaled $2.8 billion, with an approximate modern equivalent of about $4 billion, and that this made it the costliest single tornado in U.S. history.",hybrid,"The 2011 Joplin tornado caused “catastrophic damage” and devastated a large part of the city. The excerpt says it “damaged nearly 8,000 buildings and destroy[ed] over 4,000 houses,” and that “about 25% of Joplin was destroyed” according to the American Red Cross.

It is historically significant because its damage totaled “$2.8 billion,” which the article calls “the costliest tornado in U.S. history” and also “the costliest single tornado in U.S. history.”",pass
"What tiebreaking method was used in the 1900–01 Football League season for clubs level on points, and what did it favor if teams had identical goal difference?","A correct answer must mention the goal average system (goals scored divided by goals conceded) and note that, when goal difference was the same, it favored teams that had conceded fewer goals.",hybrid,"The 1900–01 Football League used **goal average** to separate clubs level on points: clubs were “separated according to **goal average (goals scored divided by goals conceded)**.”

If teams had the same goal difference, “**this system favoured those teams who had conceded fewer goals**.”",pass
"What is Stewart Brand most famous for, and what other organizations did he found besides the Whole Earth Catalog?","A correct answer must state that he is best known as the co-founder and editor of the Whole Earth Catalog, and must mention at least one of the other organizations he founded: the WELL, the Global Business Network, and/or the Long Now Foundation.",hybrid,"Stewart Brand is “best known as the co-founder and editor of the Whole Earth Catalog.” The excerpt also says, “Other organizations he has founded include the WELL, the Global Business Network, and the Long Now Foundation.”

So, he is most famous for the Whole Earth Catalog, and he also founded:
- the WELL
- the Global Business Network
- the Long Now Foundation",pass
"What invention is Alexander Graham Bell credited with patenting, and in what year did he get the first U.S. patent for it?","Correct answer must identify the invention as the first practical telephone and state that he received the first U.S. patent for it in 1876 (March 7, 1876 is acceptable).",hybrid,"Alexander Graham Bell is credited with patenting “the first practical telephone,” and he received “the first U.S. patent for the telephone” in **1876** — specifically, “on March 7, 1876.”",pass
"What is Maine’s capital city, and what is its most populated city?",Correct answer must name Augusta as the capital and Portland as the most populous city.,hybrid,"Maine’s capital city is **Augusta**, and its most populated city is **Portland**. The excerpt says: “**Capital: Augusta**” and “**its most populous city is Portland**.”",pass
"Who most recently won the Associated Press NFL Most Valuable Player Award, and what team is he on?",Correct answer must identify Matthew Stafford and the Los Angeles Rams.,hybrid,"The most recent winner is **Matthew Stafford** of the **Los Angeles Rams**. The excerpt says, “**The most recent winner is quarterback Matthew Stafford of the Los Angeles Rams**.”",pass
"Who was the director of Bad Boys II, and when did it come out?",A correct answer must identify Michael Bay as the director and 2003 as the release year.,hybrid,"The director of **Bad Boys II** was **Michael Bay**. It was released on **July 18, 2003** — the excerpt says: “**Directed by Michael Bay**” and “**Release date July 18, 2003**.”",pass
"According to the lead text, what was Michael Jackson’s last album, and what was notable about its production cost?",A correct answer must name Invincible (2001) and state that it is the most expensive album ever made.,hybrid,"According to the lead text, Michael Jackson’s last album was **_Invincible_ (2001)**, and it is described as **“the most expensive ever made.”**",pass
"Which invention is Alexander Graham Bell known for patenting, and when did he receive the first U.S. patent for that invention?","Correct answer must identify the invention as the first practical telephone and state that he received the first U.S. patent for it in 1876 (March 7, 1876 is acceptable).",hybrid,"Alexander Graham Bell is known for patenting “the first practical telephone.” The excerpt says he “was credited with patenting the first practical telephone” and that he was awarded “the first U.S. patent for the telephone, on March 7, 1876.”",pass
"When was the technical division of Lawson State Community College first established, and what was it originally called?","A correct answer must mention that it was founded in 1949 in Birmingham, Alabama, and that its original name was Wenonah State Technical Institute.",hybrid,"The technical division was first established in **1949**. It was originally called **“Wenonah State Technical Institute”**: the excerpt says, “The technical division of the college was founded as **Wenonah State Technical Institute in Birmingham in 1949**.”",pass
"Who was the American publisher who co-founded Alfred A. Knopf, Inc. and paid special attention to the quality of printing, binding, and design in his books?","Correct answer must identify Alfred Abraham Knopf Sr. (Alfred A. Knopf Sr.) and mention that he was a co-founder of Alfred A. Knopf, Inc.; it should also note his emphasis on the quality of printing, binding, and design in his books.",hybrid,"The American publisher was **Alfred A. Knopf Sr.** The excerpt says: “**Alfred Abraham Knopf Sr. ... was an American publisher**” and that he “**paid special attention to the quality of printing, binding and design in his books**.”",pass
"What did the lead text say was Michael Jackson’s final album, and what special distinction did it have regarding production cost?",A correct answer must name Invincible (2001) and state that it is the most expensive album ever made.,hybrid,"The lead text says Michael Jackson’s final album was **_Invincible_ (2001)**: “**Jackson's final album, Invincible (2001), is the most expensive ever made**.”",pass
"What television roles is Saffron Burrows known for, according to the article?","A correct answer must name at least one of the television roles listed in the lead, such as Lorraine Weller, Dr. Norah Skinner, Detective Serena Stevens, Victoria Hand, Cynthia Taylor, or Dottie Quinn, and identify them as TV characters/roles played by Saffron Burrows.",hybrid,"According to the article, Saffron Burrows is known on television for starring as:

- “Lorraine Weller on *Boston Legal*”
- “Dr. Norah Skinner on *My Own Worst Enemy*”
- “Detective Serena Stevens on *Law & Order: Criminal Intent*”
- “Victoria Hand on *Agents of S.H.I.E.L.D.*”
- “Cynthia Taylor” on the Prime Video series *Mozart in the Jungle*
- “Dottie Quinn” in the Netflix series *You*",pass
"Where does Wisconsin Highway 34 start and finish on its current route, and which cities does it link as a shortcut in central Wisconsin?","A correct answer must state that WIS 34 runs from Wisconsin Rapids at its southern end to Knowlton at I-39 on its northern end, and that it connects Wausau and Wisconsin Rapids as a shortcut route in central Wisconsin.",hybrid,Wisconsin Highway 34’s current route starts at **WIS 13 / WIS 73 in Wisconsin Rapids** and finishes at **I-39 / US 51 in Knowlton**. The article says it “**runs north–south as a shortcut route in central Wisconsin connecting Wausau and Wisconsin Rapids**.”,pass
"Where and when did the technical division of Lawson State Community College begin, and what was its original name?","A correct answer must mention that it was founded in 1949 in Birmingham, Alabama, and that its original name was Wenonah State Technical Institute.",hybrid,"The technical division of Lawson State Community College began **in Birmingham, Alabama, in 1949**. Its original name was **“Wenonah State Technical Institute.”** The excerpt says: “**The technical division of the college was founded as Wenonah State Technical Institute in Birmingham in 1949.**”",pass
"Which American publisher co-founded Alfred A. Knopf, Inc. and was noted for emphasizing the quality of printing, binding, and design in his books?","Correct answer must identify Alfred Abraham Knopf Sr. (Alfred A. Knopf Sr.) and mention that he was a co-founder of Alfred A. Knopf, Inc.; it should also note his emphasis on the quality of printing, binding, and design in his books.",hybrid,"The publisher was **Alfred A. Knopf Sr.** The excerpt says he was “**an American publisher of the 20th century, and co-founder of Alfred A. Knopf, Inc.**” and that he “**paid special attention to the quality of printing, binding and design in his books**.”",pass
"What does the Super Bowl refer to, and in what years did it serve as the NFL season’s final game?",A correct answer must identify the Super Bowl as the annual league championship game of the NFL in the United States and state that it has been the final game of every NFL season since 1966.,hybrid,"The Super Bowl refers to ""the annual league championship game of the National Football League (NFL) of the United States."" The excerpt says it ""has served as the final game of every NFL season since 1966.""

It also notes that it was ""the final game of every American Football League season from 1966 to 1970 prior to the AFL–NFL merger.""",pass
"How many species are there in the genus Morus, and what are the three most common species known by their color-based common names?","A correct answer must state that Morus consists of 19 species and identify the three common species as white mulberry (Morus alba), red mulberry (Morus rubra), and black mulberry (Morus nigra).",hybrid,"The excerpt says that the genus **Morus** “consists of **19 species** of deciduous trees commonly known as mulberries.”

It also says the three most common are known as the **white, red, and black mulberries**, specifically:
- **Morus alba** — white mulberry
- **Morus rubra** — red mulberry
- **Morus nigra** — black mulberry

",pass
"Which TV roles is Saffron Burrows known for, according to the article?","A correct answer must name at least one of the television roles listed in the lead, such as Lorraine Weller, Dr. Norah Skinner, Detective Serena Stevens, Victoria Hand, Cynthia Taylor, or Dottie Quinn, and identify them as TV characters/roles played by Saffron Burrows.",hybrid,"According to the article, Saffron Burrows is known on television for starring as:

- “**Lorraine Weller on Boston Legal**”
- “**Dr. Norah Skinner on My Own Worst Enemy**”
- “**Detective Serena Stevens on Law & Order: Criminal Intent**”
- “**Victoria Hand on Agents of S.H.I.E.L.D.**”
- “**Cynthia Taylor on the Prime Video series Mozart in the Jungle**”
- “**Dottie Quinn in the Netflix series You**”",pass
"Who came up with the Norman Gunston character, and what sort of TV persona was he?",Correct answer must identify Garry McDonald as the creator/performer and describe Norman Gunston as a satirical fictional TV character (or satirical TV character).,hybrid,"The Norman Gunston character was “originally conceived for a sketch by comedy writer **Wendy Skelcher**” and was portrayed by Garry McDonald.

He was “a **dull and talentless local TV reporter from the industrial city of Wollongong**,” and later became “the satirical TV character” known as “**the little Aussie bleeder**.”",pass
What charitable causes did Mary Elizabeth Butt mainly focus on?,Correct answer must mention both: care of emotionally disturbed children and development of library services. Minor paraphrase is acceptable.,hybrid,Mary Elizabeth Butt’s philanthropic efforts were “particularly focused on the care of emotionally disturbed children and the development of library services.”,pass
"When was Warner Records founded, and which company was it originally a division of?","A correct answer must state that Warner Records was founded on March 19, 1958, and that it began as the recorded music division of Warner Bros. Pictures (the American film studio).",hybrid,"Warner Records was founded on **March 19, 1958**. It was originally “**the recorded music division of the American film studio Warner Bros. Pictures**.”",pass
"How many species belong to the genus Morus, and what are the three most common ones called using color-based common names?","A correct answer must state that Morus consists of 19 species and identify the three common species as white mulberry (Morus alba), red mulberry (Morus rubra), and black mulberry (Morus nigra).",hybrid,"The excerpt says **“the genus has 64 subordinate taxa”** and that **“the three most common are referred to as white, red, and black”** — specifically **Morus alba**, **M. rubra**, and **M. nigra**.",fail
"What major international medal did Nikoleta Kyriakopoulou win at the 2015 World Championships in Beijing, and what height did she clear to earn it?",A correct answer must mention that she won the bronze medal and that she cleared 4.80 metres (4.80m) at the 2015 World Championships in Beijing.,hybrid,"Nikoleta Kyriakopoulou won the **bronze medal** at the 2015 World Championships in Beijing, and she earned it by jumping **4.80 m**. The excerpt says she “**won the bronze medal at the World Championships in Beijing in 2015 jumping 4.80m**.”",pass
"Who is the founder of Nuclear Blast Records, and when and where was the label founded?",A correct answer must name Markus Staiger and state that the label was founded in 1987 in Donzdorf (Germany).,hybrid,Nuclear Blast Records was founded by **Markus Staiger**. The article says it was “**founded in 1987 by Markus Staiger in Donzdorf**.”,pass
"Who is the creator of Norman Gunston, and what type of television character was he?",Correct answer must identify Garry McDonald as the creator/performer and describe Norman Gunston as a satirical fictional TV character (or satirical TV character).,hybrid,Norman Gunston was created by **Wendy Skelcher and Garry McDonald**. The article says he was an **“Australian TV character”** and specifically describes him as **“a satirical TV character performed by Australian actor and comedian Garry McDonald.”**,pass
"Which Justin Bieber song was the number one song on the Billboard Year-End Hot 100 singles chart for 2016, and how many nonconsecutive weeks did it spend at No. 1 on the weekly Billboard Hot 100 in 2016?","A correct answer must name ""Love Yourself"" and state that it spent two nonconsecutive weeks at number one on the weekly Billboard Hot 100 during 2016.",hybrid,"The Justin Bieber song was **""Love Yourself""**. The excerpt says it “**came in at number one**” on the Billboard Year-End Hot 100 singles of 2016, and it “**spent a total of two nonconsecutive weeks at the top position of the Billboard Hot 100 during 2016**.”",pass
"At the 2015 World Championships in Beijing, what medal did Nikoleta Kyriakopoulou win internationally, and what height did she clear?",A correct answer must mention that she won the bronze medal and that she cleared 4.80 metres (4.80m) at the 2015 World Championships in Beijing.,hybrid,"At the 2015 World Championships in Beijing, Nikoleta Kyriakopoulou won the **bronze medal** in pole vault, and she cleared **4.80 m**.

The excerpt says she “**won the bronze medal at the World Championships in Beijing in 2015 jumping 4.80m**.”",pass
"How many championships did Michael Jordan win as a member of the Chicago Bulls, and in what years did they happen?","A correct answer must state that he won six NBA championships with the Chicago Bulls, and it should name the years as 1991, 1992, 1993, 1996, 1997, and 1998.",hybrid,"Michael Jordan won **six NBA championships** as a member of the Chicago Bulls.

The years were:
- **1991**
- **1992**
- **1993**
- **1996**
- **1997**
- **1998**

The excerpt says he won ""six NBA championships with the Chicago Bulls"" and lists them as ""1991–1993, 1996–1998.""",pass
"According to the lead text, roughly how many civilian deaths did World War I cause?","A correct answer must state that the civilian death toll was about 6 to 13 million. Responses should mention civilian deaths specifically, not total deaths or military deaths.",hybrid,"According to the lead text, the civilian death toll in World War I was **“about six to 13 million.”**",pass
"What Justin Bieber song ranked first on the Billboard Year-End Hot 100 singles list in 2016, and for how many nonconsecutive weeks was it at the top of the weekly Billboard Hot 100 that year?","A correct answer must name ""Love Yourself"" and state that it spent two nonconsecutive weeks at number one on the weekly Billboard Hot 100 during 2016.",hybrid,"The song was **""Love Yourself""** by Justin Bieber. The excerpt says it ""came in at number one, spending a total of **two nonconsecutive weeks** at the top position of the Billboard Hot 100 during 2016.""",pass
"What historical event is shown in the Bayeux Tapestry, and who was the leader of the Norman forces in it?","Correct answer must mention the Norman Conquest of England in 1066 and identify William, Duke of Normandy, as the leader of the Norman side.",hybrid,"The Bayeux Tapestry depicts “the events leading up to the Norman Conquest of England in 1066 … culminating in the Battle of Hastings.” The leader of the Norman forces was “William, Duke of Normandy” — also described as “William of Normandy” in the Battle of Hastings article.",pass
What is Alexander Kostritsyn’s alias on PokerStars and Full Tilt Poker?,"Correct answer must identify both aliases mentioned in the lead: ""joiso"" on PokerStars and ""PostflopAction"" on Full Tilt Poker.",hybrid,Alexander Kostritsyn plays under the alias **“joiso” on PokerStars** and **“PostflopAction” on Full Tilt Poker**. The excerpt says: “**Kostritsyn plays under the alias joiso on PokerStars and PostflopAction on Full Tilt Poker.**”,pass
"About how many civilians were killed as a result of World War I, according to the lead text?","A correct answer must state that the civilian death toll was about 6 to 13 million. Responses should mention civilian deaths specifically, not total deaths or military deaths.",hybrid,"According to the lead text, the civilian death toll was “about six to 13 million.”",pass
"What is the capital city of Baghlan Province, and what function does it serve in the province?","A correct answer must name Pul-e Khumri and state that it functions as the main administrative, economic, and population center of the province.",hybrid,"The capital city of Baghlan Province is **Pul-e Khumri**. The excerpt says it “**functions as the main administrative, economic, and population center of the province**.”",pass
"Where is Unnecessary Mountain located, and how high is its taller south summit?","Correct answer must identify that Unnecessary Mountain is in the North Shore Mountains near Vancouver, British Columbia, Canada, and state that its taller south summit is 1,548 m (5,079 ft) high.",hybrid,"Unnecessary Mountain is “a peak in the North Shore Mountains near Vancouver, British Columbia, Canada.” Its taller south summit has an elevation of “1,548 m (5,079 ft).”",pass
"What event from history does the Bayeux Tapestry portray, and who commanded the Norman side?","Correct answer must mention the Norman Conquest of England in 1066 and identify William, Duke of Normandy, as the leader of the Norman side.",hybrid,"The Bayeux Tapestry portrays “the events leading up to the Norman Conquest of England in 1066, led by William, Duke of Normandy … and culminating in the Battle of Hastings.” It says the Norman side was commanded by “William, Duke of Normandy” — also identified in the Battle of Hastings article as “William of Normandy.”",pass
"What are James Trotter’s highest ATP singles and doubles rankings in his career, and when did he reach each one?","A correct answer must mention both rankings and both dates: singles world No. 170 achieved on 21 April 2025, and doubles No. 142 achieved on 9 September 2024.",hybrid,"James Trotter’s career-high ATP rankings are:

- **Singles:** **No. 170**, achieved on **21 April 2025** — the excerpt says he “**has a career high ATP singles ranking of world No. 170 achieved on 21 April 2025**.”
- **Doubles:** **No. 142**, achieved on **9 September 2024** — the excerpt says he has “**a doubles ranking of No. 142 achieved on 9 September 2024**.”",pass
"Who started Nuclear Blast Records, and in what year and city was it established?",A correct answer must name Markus Staiger and state that the label was founded in 1987 in Donzdorf (Germany).,hybrid,Nuclear Blast Records was started by **Markus Staiger**. The article says it was “**founded in 1987 by Markus Staiger in Donzdorf**.”,pass
"On which date is Christmas mainly celebrated, and what event does it remember?",A correct answer must state that Christmas is observed primarily on December 25 and that it commemorates the birth of Jesus Christ.,hybrid,Christmas is mainly celebrated on **December 25**. It is “an annual festival commemorating **the birth of Jesus Christ**” and its significance is the “commemoration of the nativity of Jesus.”,pass
"What is the location of Unnecessary Mountain, and what is the elevation of its higher south summit?","Correct answer must identify that Unnecessary Mountain is in the North Shore Mountains near Vancouver, British Columbia, Canada, and state that its taller south summit is 1,548 m (5,079 ft) high.",hybrid,"Unnecessary Mountain is located in the **North Shore Mountains near Vancouver, British Columbia, Canada**: it is “**a peak in the North Shore Mountains near Vancouver, British Columbia, Canada**.”

Its higher south summit has an elevation of **1,548 m (5,079 ft)**: “**the taller south summit has an elevation of 1,548 m (5,079 ft)**.”",pass
"What kind of video game is Final Fantasy VII, and what platform was it developed and published for?",A correct answer must identify Final Fantasy VII as a 1997 role-playing video game and state that it was developed and published by Square for the PlayStation.,hybrid,"Final Fantasy VII is ""a 1997 role-playing video game"" and was ""developed and published by Square for the PlayStation.""",pass
"What are James Trotter’s career-best ATP singles and doubles rankings, and on what dates did he achieve them?","A correct answer must mention both rankings and both dates: singles world No. 170 achieved on 21 April 2025, and doubles No. 142 achieved on 9 September 2024.",hybrid,"James Trotter’s career-best rankings were:

- **Singles:** world **No. 170**, achieved on **21 April 2025** — “*He has a career high ATP singles ranking of world No. 170 achieved on 21 April 2025*.”
- **Doubles:** world **No. 142**, achieved on **9 September 2024** — “*a doubles ranking of No. 142 achieved on 9 September 2024*.”",pass
"Who was Melville Fuller, and what role did he serve on the United States Supreme Court from 1888 until he died in 1910?","Correct answer must identify Melville Weston Fuller as an American politician, attorney, and jurist, and state that he served as the eighth Chief Justice of the United States (the Supreme Court) from 1888 until 1910/his death.",hybrid,"Melville Fuller was “an American politician, attorney, and jurist” who served as “the eighth chief justice of the United States from 1888 until his death in 1910.” The excerpt also says he was “Chief Justice of the United States from 1888 to 1910.”",pass
"Based on the article, which MLB team holds the record for the longest winning streak overall, and how many games in a row did it win?",A correct answer must name the 1916 New York Giants and state that they won 26 consecutive games.,hybrid,"The article says the **1916 New York Giants** hold the record for the longest winning streak overall in MLB, with **26 consecutive games**: “**The National League’s 1916 New York Giants hold the record of winning 26 consecutive games.**”",pass
"What is Lamont Jody Hawkins’s stage name, and what does it mean?",A correct answer must identify that Lamont Jody Hawkins is known as U-God and explain that U-God is short for “Universal God Allah.”,hybrid,"Lamont Jody Hawkins’s stage name is **U-God**.

The excerpt says it is “**U-God (short for Universal God Allah)**” and later that he changed his name to U-God, “**which is short for his Five-Percent Nation righteous name ‘Universal God Allah’**.”",pass
"In the 2015 Meiji Yasuda J3 League, how many matches did each club play, and how many rounds was the competition split into?",A correct answer must state that each team played 36 matches total and that the league was played in three rounds.,hybrid,"The 2015 Meiji Yasuda J3 League was ""played in three rounds,"" and ""each team playing a total of 36 matches.""",pass
"According to the article, which Major League Baseball team has the longest overall winning streak, and how many straight games did it win?",A correct answer must name the 1916 New York Giants and state that they won 26 consecutive games.,hybrid,"According to the article, the **New York Giants** have the longest overall winning streak in Major League Baseball history: **26 consecutive games**.

The excerpt says: “**The National League’s 1916 New York Giants hold the record of winning 26 consecutive games.**”",pass
"What genre is Final Fantasy VII, and which platform was it developed and released on?",A correct answer must identify Final Fantasy VII as a 1997 role-playing video game and state that it was developed and published by Square for the PlayStation.,hybrid,"Final Fantasy VII is a **“role-playing video game”** — the excerpt says it was “**a 1997 role-playing video game developed and published by Square for the PlayStation**.”

So, its genre is **role-playing**, and it was developed and released on the **PlayStation**.",pass
"What was the population of Broken Arrow, Oklahoma, according to the 2020 census?","Correct answer must state that Broken Arrow has a population of 113,540 residents according to the 2020 census.",hybrid,"According to the excerpt, “Broken Arrow has a population of **113,540** residents” as of the 2020 census.",pass
At what point did Clyfford Still move from representational art to abstract painting?,Correct answer must state that the shift occurred between 1938 and 1942.,hybrid,Clyfford Still’s shift from representational to abstract painting “occurred between **1938 and 1942**.”,pass
"Where is the Treasury of Atreus located, and what type of tomb is it?","A correct answer must say that it is in Mycenae, Greece, and that it is a large tholos (beehive) tomb.",hybrid,"The Treasury of Atreus is located in **Mycenae, Greece**. The excerpt says it is **“a large tholos or beehive tomb”** and also describes it as a **“tholos tomb at Mycenae, Greece.”**",pass
Which philanthropic efforts was Mary Elizabeth Butt especially interested in?,Correct answer must mention both: care of emotionally disturbed children and development of library services. Minor paraphrase is acceptable.,hybrid,Mary Elizabeth Butt’s philanthropic efforts were “particularly focused on the care of emotionally disturbed children and the development of library services.”,pass
"What stage name does Lamont Jody Hawkins use, and what does it stand for?",A correct answer must identify that Lamont Jody Hawkins is known as U-God and explain that U-God is short for “Universal God Allah.”,hybrid,"Lamont Jody Hawkins uses the stage name **U-God**, which stands for **“Universal God Allah.”** The excerpt says he is “**known by his stage name U-God (short for Universal God Allah)**.”",pass
"In what year did Emmanuel Macron get elected President of France, and who did he beat in the second round?",Correct answer must mention that he was elected in 2017 and that he defeated Marine Le Pen in the second round.,hybrid,"Emmanuel Macron was elected President of France in **2017**. The excerpt says he was elected “**in May 2017 with 66% of the second-round vote, defeating Marine Le Pen of the National Front**.”",pass
"Who was the first player to win the Pete Rozelle Trophy for Super Bowl MVP, and at which Super Bowl was it first presented?",Correct answer must name Ottis Anderson and Super Bowl XXV. Both the player and the specific Super Bowl number must be included.,hybrid,"The article says, “**Ottis Anderson was the first to win the trophy**.” It also says the Pete Rozelle Trophy was first awarded “**at Super Bowl XXV**.”",pass
What was notable about Novak Djokovic’s 2016 French Open victory regarding his career Grand Slam and the number of major titles he held simultaneously?,"A correct answer must mention that Djokovic completed a career Grand Slam by winning all four major tournaments, and that he also achieved a non-calendar-year Grand Slam by holding all four major titles at once. It is acceptable to state that he was the first man since Rod Laver in 1969 to do so.",hybrid,"According to the excerpts, Djokovic’s 2016 French Open win was notable because it completed his career Grand Slam and made him the first man since 1969 to hold all four Grand Slam titles consecutively at once. The Djokovic–Murray rivalry article says he won the 2016 French Open final, “**became the first man since 1969 to win 4 Grand Slam titles consecutively, completing the ‘Nole Slam’**.”

In the Grand Slam article, Djokovic is also listed among the players who achieved a non-calendar-year Grand Slam, and it says he completed the feat in singles in 2016.",pass
"Where can the Treasury of Atreus be found, and what kind of tomb is it?","A correct answer must say that it is in Mycenae, Greece, and that it is a large tholos (beehive) tomb.",hybrid,"The Treasury of Atreus can be found in **Mycenae, Greece**. The excerpt says it is “**a large tholos or beehive tomb constructed between 1300 and 1250 BCE in Mycenae, Greece**.”",pass
What city is the capital of Samangan Province in Afghanistan?,A correct answer must name Aybak as the provincial capital of Samangan Province.,hybrid,"The capital of Samangan Province is **Aybak**. The excerpt says, “**The city of Aybak serves as the provincial capital**.”",pass
"Which player first received the Pete Rozelle Trophy as Super Bowl MVP, and in what Super Bowl was the trophy first awarded?",Correct answer must name Ottis Anderson and Super Bowl XXV. Both the player and the specific Super Bowl number must be included.,hybrid,"The first player to receive the Pete Rozelle Trophy as Super Bowl MVP was **Ottis Anderson**. The excerpt says: “**Ottis Anderson was the first to win the trophy**,” and the trophy was first awarded at **Super Bowl XXV**.",pass
"How many NBA titles did Michael Jordan win with the Chicago Bulls, and which years were those championship seasons?","A correct answer must state that he won six NBA championships with the Chicago Bulls, and it should name the years as 1991, 1992, 1993, 1996, 1997, and 1998.",hybrid,"Michael Jordan won **six NBA titles** with the Chicago Bulls.

The championship seasons were:
- **1990–91**
- **1991–92**
- **1992–93**
- **1995–96**
- **1996–97**
- **1997–98**

As the excerpt says, he won “**six NBA championships with the Chicago Bulls**” and the Bulls’ championship list matches those six seasons.",pass
"According to the lead text, what regions is the lion native to today?","Correct answer must mention that lions currently range only in Sub-Saharan Africa and India. Minor wording differences are fine, but both regions must be included.",hybrid,"According to the lead text, the lion is “currently ranging only in **Sub-Saharan Africa and India**.”",pass
"Who was Melville Fuller, and what office did he hold on the U.S. Supreme Court between 1888 and his death in 1910?","Correct answer must identify Melville Weston Fuller as an American politician, attorney, and jurist, and state that he served as the eighth Chief Justice of the United States (the Supreme Court) from 1888 until 1910/his death.",hybrid,"Melville Weston Fuller was “an American politician, attorney, and jurist” who served on the Supreme Court. The excerpt says he was the “8th Chief Justice of the United States” and that he served “from 1888 until his death in 1910.”

So, between 1888 and 1910, he held the office of **Chief Justice of the United States**.",pass
Which city serves as the capital of Samangan Province in Afghanistan?,A correct answer must name Aybak as the provincial capital of Samangan Province.,hybrid,"The capital of Samangan Province is **Aybak**. The excerpt says, “**The city of Aybak serves as the provincial capital**.”",pass
"What is Stewart Brand known for, and which organizations did he establish other than the Whole Earth Catalog?","A correct answer must state that he is best known as the co-founder and editor of the Whole Earth Catalog, and must mention at least one of the other organizations he founded: the WELL, the Global Business Network, and/or the Long Now Foundation.",hybrid,"Stewart Brand is “best known as the co-founder and editor of the Whole Earth Catalog.” The excerpt also says he founded “the WELL, the Global Business Network, and the Long Now Foundation.”",pass
"What were the two main alliances that fought in World War II, according to the lead text?",A correct answer must name both coalitions: the Allies and the Axis powers.,hybrid,"According to the lead text, World War II was fought between two coalitions: **“the Allies and the Axis powers.”**",pass
"How many people lived in Broken Arrow, Oklahoma, according to the 2020 census?","Correct answer must state that Broken Arrow has a population of 113,540 residents according to the 2020 census.",hybrid,"According to the excerpt, Broken Arrow had a population of **113,540** in the 2020 census: “**According to the 2020 census, Broken Arrow has a population of 113,540 residents**.”",pass
