question,grading_notes,evaluation_category,retriever,response,score
"What was Joseph Warren Stilwell's nickname, and during which World War II theater did he serve as a United States Army general?","A complete answer must give Stilwell's nickname, 'Vinegar Joe,' and identify the China-Burma-India theater. Award partial credit only when one of these two required details is correct.",multi_fact,graph,Joseph Warren Stilwell’s nickname was **“Vinegar Joe”**. He served in the **China Burma India theater** during World War II: the excerpt says he “served in the **China Burma India theater during World War II**.”,pass
"According to the lead text, what were the two main coalitions that fought in World War II?",A correct answer must name both the Allies and the Axis powers as the two main coalitions.,multi_fact,graph,The lead text says World War II was fought between two coalitions: **the Allies** and **the Axis**.,pass
What is the capital and largest city of Mali?,A correct answer must name Bamako as both the capital and largest city of Mali.,factual_retrieval,graph,"Mali’s capital and largest city is **Bamako** — the excerpt says, “**Its capital and largest city is Bamako**.”",pass
"Compare Albert Einstein and Joseph Warren Stilwell. What was each person best known for, and what major historical context shaped their work? Support each answer with a quotation from the relevant Wikipedia article.","A complete answer must address both Einstein and Stilwell, explain what each was best known for, describe relevant historical context, and include one attributable quotation from each person's article. Do not award full credit for discussing only one person or for unsupported quotations.",cross_document_synthesis,graph,"Albert Einstein was best known for his work in physics, especially relativity: the excerpt identifies him as the subject of a physics article and lists his major scientific topics such as “**theory of relativity**,” including “**special relativity**” and “**general relativity**.” The major historical context shaping his work was the era of modern physics in the early 20th century; the excerpt shows his career spanning events like “**Assistant at the Swiss Patent Office (1902–1909)**” and “**Academic career in Europe (1908–1933)**,” but it does not provide a fuller contextual summary beyond that.

I can’t answer the Joseph Warren Stilwell part from the provided excerpts, because no excerpt about Joseph Warren Stilwell was included.",fail
Quote the opening sentence of the Wikipedia article titled '13 (2010 film)' exactly as written.,"A correct answer must reproduce the article's opening sentence verbatim, preserving its meaning and identifying details. Paraphrases or invented quotations are not fully correct.",quotation_fidelity,graph,"I’m sorry, but the provided excerpts do not include the Wikipedia article titled **“13 (2010 film)”**, so I can’t quote its opening sentence exactly as written.",fail
Who was the last native pharaoh of Egypt mentioned in the lead text?,A correct answer must identify Nectanebo II. It is acceptable to mention that he was the last native pharaoh and/or that he belonged to the short-lived 30th Dynasty.,factual_retrieval,graph,The last native pharaoh of Egypt mentioned in the lead text was **Nectanebo II**. The excerpt says: “**The last native pharaoh was Nectanebo II** of the short-lived 30th Dynasty.”,pass
"What is the current population of Mars, according to the latest available information? If this fact is not supported by the Wikipedia corpus, clearly state that the corpus does not provide the answer.",A grounded answer must recognize that Mars has no human population and that the corpus does not provide a current population figure. Do not award full credit for inventing a current population or presenting an unsupported external estimate as a corpus answer.,out_of_corpus_abstention,graph,"The provided Wikipedia excerpts do not mention Mars’s population, so the corpus does not provide the answer.",fail
"Who created the Norman Gunston character, and what kind of TV character was he?",A correct answer must identify Wendy Skelcher and Garry McDonald as the creators and describe Norman Gunston as a satirical fictional television character or persona.,obscure_knowledge,graph,"The Norman Gunston character was created by **Wendy Skelcher and Garry McDonald**. He was **“a satirical TV character”** and, in-universe, **“a Television Reporter”**.",pass
